Adrenaline.sports,Dancing,Shopping,Celebrities,Physics,Science.and.technology,Health,Life.struggles,Hypochondria,New.environment,Getting.angry,Knowing.the.right.people,Number.of.friends,Energy.levels,Gender
4,3,4,1,3,4,1,1,1,4,1,3,3,5,female
2,1,3,2,2,3,4,1,1,4,5,4,3,3,female
5,5,4,1,2,2,2,4,1,3,4,3,3,4,female
1,1,4,2,1,3,1,3,3,1,5,4,1,2,female
2,1,3,3,2,3,3,2,1,4,2,3,3,5,female
3,1,2,1,3,3,3,3,1,4,3,4,3,4,male
1,3,3,1,1,4,3,5,1,5,3,4,3,4,female
2,1,3,3,1,2,3,2,2,4,1,4,4,4,male
1,1,2,5,1,1,4,4,2,2,3,3,2,1,female
2,5,4,2,1,3,4,5,1,4,3,4,3,4,female
1,1,5,2,1,4,3,5,2,3,1,3,3,3,female
1,1,3,2,1,3,2,4,5,5,3,5,4,3,female
1,3,2,3,1,3,5,5,5,1,5,3,3,3,female
4,3,5,5,1,2,3,4,1,2,3,4,3,4,female
1,1,5,5,1,2,5,5,5,1,4,2,5,4,female
5,1,3,1,3,5,2,4,1,2,5,4,3,4,male
4,2,4,3,1,2,3,4,1,4,3,4,4,4,female
1,3,3,3,3,4,4,5,2,5,5,2,2,2,female
1,3,2,1,5,5,3,1,1,4,1,5,2,3,male
3,1,3,3,2,4,3,1,1,4,2,4,4,3,male
3,1,1,2,3,5,3,4,1,4,3,4,3,4,male
5,1,1,1,1,5,1,2,1,5,4,5,3,5,male
2,3,1,1,1,3,3,4,2,3,1,2,2,4,female
3,5,4,3,3,3,4,4,1,2,4,4,3,2,female
3,5,5,4,1,5,5,5,2,2,5,5,2,4,female
1,4,5,5,1,1,3,5,1,3,4,3,4,3,female
4,3,4,4,3,3,2,4,2,4,2,4,4,3,female
2,1,5,2,3,2,4,3,1,3,2,4,3,3,female
4,3,5,3,2,3,3,1,2,5,1,5,5,5,male
3,4,4,4,2,3,4,5,2,3,4,4,4,4,female
4,1,4,2,1,4,4,3,1,3,3,3,4,3,male
2,4,2,1,2,1,2,4,1,3,3,3,3,4,female
1,1,5,4,1,3,1,3,1,5,1,3,5,5,female
5,3,3,3,1,3,2,4,2,5,2,5,4,5,female
5,2,3,1,1,5,2,1,1,3,1,4,4,5,male
2,4,4,3,1,2,3,3,1,5,2,3,3,5,female
1,1,4,4,3,4,3,4,1,3,3,1,2,3,female
5,1,4,2,3,4,3,1,1,2,2,3,1,5,male
1,5,4,2,2,3,3,4,1,4,2,1,2,1,female
3,1,4,2,1,5,3,5,5,3,3,4,1,5,female
1,1,5,5,1,3,3,3,3,4,5,3,3,3,female
5,2,1,1,5,3,1,2,1,5,3,2,3,4,male
3,1,4,2,1,4,2,2,1,4,2,4,3,3,female
2,2,5,3,1,3,3,3,2,4,4,5,4,5,female
5,3,5,5,4,4,4,5,3,1,3,5,5,4,female
1,5,3,4,5,5,5,2,5,5,3,4,2,2,male
5,3,5,4,2,3.234063745,3,2,1,5,3,3,5,5,female
2,1,4,2,1,2,5,2,1,2,5,4,4,4,female
2,5,3,2,2,3,5,2,1,4,3,5,2,5,female
1,1,5,2,1,3,2,2,1,3,4,3,4,3,female
4,1,4,4,1,4,4,4,3,5,3,4,3,3,female
1,5,3,2,5,5,3,4,1,4,4,4,3,5,female
5,5,4,1,2,4,4,3,2,4,3,3,5,3,female
3,5,3,1,1,3,3,2,1,4,2,2,5,5,female
1,4,2,1,4,3,3,3,1,5,1,5,5,5,female
4,4,3,3,3,4,4,2,4,3,5,3,4,2,female
2,2,2,2,3,3,4,3,3,2,3,4,5,3,female
2,2,5,5,1,3,5,5,3,2,4,1,4,2,female
3,2,4,2,2,4,5,3,4,2,1,4,3,2,male
1,1,1,1,1,1,4,2,4,1,1,2,2,3,male
3,2,2,1,4,4,4,1,4,5,3,3,3,3,male
2,1,3,2,4,3,5,4,3,3,4,5,3,3,male
5,1,2,1,5,5,4,1,1,3,2,5,5,5,male
5,1,3,2,2,4,3,1,1,4,2,3,5,4,male
4,2,5,3,3,4,5,5,1,3,4,5,3,4,female
3,1,2,2,1,2,2,1,1,1,4,3,3,3,male
2,1,3,3,5,4,3,3,1,4,2,5,3,4,male
2,5,3,3,2,2,2,3,1,4,3,3,4,4,female
1,1,3,1,2,4,2,3,3,1,4,5,2,3,female
1,3,5,5,1,3.234063745,4,3,4,4,3,5,3,5,female
5,2,4,2,1,3,3,3,2,3,3,3,4,4,male
3,1,4,4,1,4,5,1,1,4,3,4,3,5,male
4,3,3,2,1,1,4,5,1,3,4,3,5,4,female
1,5,5,2,1,5,5,3,2,5,3,4,4,3,male
4,1,3,1,1,2,2,1,1,4,3,4,2,2,male
3,2,4,3,1,4,5,1,4,5,2,4,5,3,male
4,3,4,1,1,5,4,4,1,3,4,3,4,5,male
3,5,5,1,1,3,4,2,1,5,4,2,4,5,female
5,2.461767627,2,1,1,5,3,5,1,4,2,2,3,5,female
4,3,5,1,1,4,3,5,1,4,2,1,3,3,female
4,5,4,3,2,3,4,2,3,2,3,4,4,4,female
4,5,3,2,2,5,2,2,1,5,2,4,5,5,male
3,1,3,1,1,2,2,5,1,1,3,1,1,2,female
5,3,3,1,1,3,5,5,1,5,5,3,4,4,female
3,1,4,1,1,4,5,2,2,5,4,3,5,4,female
3,2,4,2,5,5,3,2,3,3,3,3,4,3,male
4,4,2,1,4,5,2,1,1,5,1,2,3,3,male
5,5,5,2,1,3,3,4,1,4,3,4,3,5,female
1,4,5,5,1,3,5,1,4,1,5,1,3,1,female
1,2,3,3,1,1,4,5,4,3,5,3,3,3,female
2,1,4,1,1,3,4,5,1,3,4,3,3,5,female
4,5,3,3,1,1,3,2,3,4,5,5,3,5,female
2,3,3,2,3,2,2,3,1,5,3,4,4,3,female
4,1,1,1,4,5,1,1,1,5,1,3,5,5,male
2,1,2,1,1,4,4,1,2,3,4,4,2,3,male
5,1,3,3,2,5,2,3,1,3,3,4,4,3,male
1,1,1,1,1,1,2,1,1,5,2,1,3,4,male
3,1,1,1,1,4,1,1,1,5,2,4,2,3,male
5,1,3,1,2,5,3,1,3,5,1,3,4,3,male
1,3,5,1,5,3,4,5,1,4,3,4,2,3,female
3,1,4,3,3,3,1,5,1,3,2,3,5,5,female
1,1,1,2,1,3,2,1,4,4,4,3,4,3,male
3,4,1,1,4,2,3,3,3,2,3,3,3,3,female
2,4,4,4,2,5,4,2,1,5,2,4,2,4,male
3,2,2,1,2,3,1,1,1,5,2,5,3,5,male
1,1,3,1,1,4,3,2,1,3,1,1,2,4,male
3,2,2,2,1,5,2,3,1,4,3,3,4,4,male
5,2,3,1,3,2,3,4,1,1,5,3,5,5,female
1,1,4,1,2,2,1,5,1,2,4,2,1,3,female
2,1,2,1,2,4,3,2,2,4,4,4,3,3,male
4,1,2,1,3,4,3,2,3,3,1,4,3,4,male
3,3,2,2,1,3,2,5,4,4,4,3,5,2,female
1,5,3,1,1,5,3,4,1,3,4,4,3,3,female
4,1,4,4,2,2,3,4,1,3,4,4,3,4,female
4,1,5,2,1,4,3,2,1,5,3,5,4,5,female
3,5,5,1,3,4,4,3,2,3,3,4,3,2,female
1,1,3,1,2,1,4,5,1,1,3,1,1,1,female
1,1,3,4,2,3,5,5,5,3,2,2,1,3,female
3,1,2,1,2,3,3,3,2,2,2,2,2,3,male
2,1,1,1,2,2,4,4,2,4,4,4,2,5,female
4,4,1,1,5,5,2,1,1,5,1,3,1,2,male
5,1,2,3,3,4,2,1,1,4,3,5,3,4,male
1,2,3,2,1,1,3,4,1,3,4,3,3,4,female
2,1,2,1,3,3,3,5,2,3,2,3,3,2,female
5,2,1,1,3,5,2,1,1,4,1,3,4,4,male
2,4,4,1,2,3,3,4,2,3,3,4,4,5,female
1,1,4,3,1,2,4,4,1,4,5,3,2,3,female
4,1,2,1,2,4,2,4,2,4,2,3,3,3,female
5,5,2,1,5,5,2,5,5,5,3,5,1,5,female
1,2,5,1,1,3,3,5,2,3,4,4,4,4,female
3,2,5,4,1,4,4,4,2,4,5,5,4,4,female
5,2,4,2,1,4,4,1,1,5,2,4,4,4,male
3,1,2,3,1,4,2,4,3,4,2,3,1,3,female
1,5,3,1,1,1,3,5,1,3,4,2,3,4,female
4,3,2,2,2,4,3,5,3,3,5,4,3,1,female
1,1,2,3,2,5,3,2,1,3,5,3,3,2,male
3,4,3,1,4,5,3,5,1,3,3,2,3,4,male
1,1,3,2,3,2,3,3,1,2,5,3,1,3,
1,2,3,2,1,2,3,3.031777557,1,5,1,2,4,4,female
3,5,4,4,1,2,4,4,1,5,4,4,3,4,female
5,1,3,2,2,2,3,5,1,1,2,4,4,4,female
1,1,1,1,5,5,1,3,1,1,3,5,3,3,female
1,5,5,3,1,5,5,4,5,3,3,4,2,3,male
1,3,4,2,1,3.234063745,4,5,3,3,3,3,3,3,female
3,3,3,1,4,5,1,1,1,1,1,1,1,2,male
3,1,2,2,2.064548163,2,3,5,2,4,3,3,3,4,female
2,1,4,2,1,3,4,3,1,3,2,3,3,3,male
2,1,1,1,5,5,4,1,2,1,2,3,1,3,male
2,3,2,2,4,4,4,2,2,4,2,3,3,2,male
3,1,2,1,5,4,2,2,1,4,2,3,2,2,male
3,1,3,2,3,5,3,2,3,3,2,3,3,4,female
2,1,2,4,2,3,4,3,1,4,2,3,3,4,male
4,1,3,1,1,4,5,5,1,5,5,3,5,5,male
2,1,5,4,2,4,3,4,2,3,3,5,3,3.633830846,female
1,1,2,1,4,5,4,2,2,5,4,5,3,4,male
4,4,3,2,2,4,1,3,5,1,1,5,1,1,female
1,1,4,1,1,1,3,1,3,3,2,2,3,3,male
4,1,2,2,2,3,3,2,1,3,2,4,5,3,male
2,2,5,4,2,4,4,4,1,5,5,3,2,5,female
5,3,2,2,2,3,2,3,2,4,2,3,4,3,male
4,4,1,1,4,4,1,1,1,3,1,1,3,3,male
3,1,5,4,1,3,5,3,4,4,5,5,3,2,female
2,1,1,1,1,2,3,2,1,4,4,3,3,3,male
1,2,1,1,1,1,4,1,1,3,5,2,1,2,male
1,1,5,5,1,1,2,4,2,4,4,4,4,3,male
4,4,5,2,1,4,4,2,3,5,2,5,4,3,female
3,1,2,1,2,3,3,2,3,3,4,4,3,3,female
2,1,2,1,2,4,3,2,2,1,3,3,1,1,male
5,1,4,3,1,5,1,2,1,5,5,5,3,1,female
3,1,3,1,1,1,3,3,3,4,3,2,3,3,female
3,2,1,1,3,1,4,1,4,5,2,3,4,4,male
4,1,4,4,1,5,1,2,1,5,5,5,3,1,male
2,1,1,1,3,5,5,4,1,3,4,3,1,2,male
2,1,4,1,2,5,3,2,1,4,2,4,2,4,male
1,5,5,3,1,5,5,3,3,3,3,3,3,3,male
3,1,1,3,1,1,5,3,3,5,5,3,1,3,female
3,2,3,1,4,4,2,2,1,4,2,2,3,5,male
1,1,2,3,1,4,5,1,2,1,4,2,3,3,male
1,1,3,2,3,3,3,4,1,3,2,3,3,2,female
4,3,4,1,2,4,5,4,3,5,2,4,1,5,male
5,1,5,1,3,4,1,1,1,5,3,5,3,3,male
2,2,2,2,3,3,2,2,1,4,2,3,4,5,male
3,1,5,2,2,5,3,2,2,4,2,3,3,4,female
5,3,3,1,2,5,3,2,1,5,1,3,5,4,male
1,2,3,1,1,2,3,4,2,3,2,2,2,1,female
4,1,3,1,2,2,4,5,1,4,3,2,5,5,female
2,3,4,3,1,1,4,4,1,2,5,3,3,3,female
3,1,1,2,1,2,1,5,1,1,5,4,1,1,female
3,2,2,2,5,3,3,2,4,3,5,1,2,4,female
3,3,2,1,1,3,3,3,1,2,3,3,2,4,female
4,1,3,1,3,3,5,4,4,4,3,4,3,3,female
1,4,2,3,1,1,5,5,1,4,5,5,5,4,female
2,4,4,5,1,1,3,4,1,3,5,4,4,2,female
1,1,2,1,3,3,4,1,2,2,3,2,3,3,male
4,1,2,1,1,4,3,3,1,3,2,5,5,4,male
3,2,4,4,1,5,3,3,3,3,4,5,4,3,male
4,3,3,2,1,3,4,5,1,3,3,4,5,4,female
1,5,4,2,1,1,5,4,4,3,4,5,3,4,female
3,1,2,1,1,3,1,1,1,4,5,3,5,5,male
5,4,3,1,2,4,3,3,2,4,2,2,3,3,male
2,1,2,1,3,4,2,3,1,2,3,2,1,1,male
1,1,5,4,1,5,5,5,5,2,5,4,5,4,
3,5,4,3,1,4,3,1,3,5,3,3,4,4,male
4,5,4,1,2,1,2,5,1,3,2,3,3,4,female
1,1,1,1,3,4,3,3,3,2,4,2,3,2,female
1,4,1,1,2,4,3,4,4,2,2,1,3,2,female
3,1,1,1,4,4,3,2,3,3,3,3,4,5,male
2,2,3,3,1,4,4,5,1,3,4,4,2,4,female
5,2,5,4,1,3,3,3,5,3,3,4,5,3,female
4,1,1,1,3,4,4,4,1,2,2,3,1,3,male
4,4,5,5,5,4,5,4,5,4,5,3,4,5,male
3,5,5,5,1,1,3,3,3,4,5,5,5,4,female
2,2,4,1,5,4,1,1,1,5,1,4,5,2,male
4,2,4,4,4,5,3,1,1,2,2,4,3,3,female
2,1,4,4,3,5,3,5,2,3,4,3,3,3,female
4,5,3,3,1,1,3,1,1,3,4,5,3,5,male
3,1,4,1,4,1,3,4,1,4,3,4,4,4,female
4,3,2,2,1,2,3,4,2,3,2,4,3,4,female
4,5,3,3,4,5,4,1,1,4,1,5,2,5,male
5,1,5,3,2,5,3,1,1,5,1,5,5,5,male
3,2,3,1,1,4,3,1,1,4,2,4,4,4,male
4,1,2,1,4,5,2,1,1,5,2,3,5,3,male
1,1,4,3,2,3,4,5,1,1,4,4,1,1,female
5,5,3,2,2,3,4,3,1,3,3,4,5,3,female
1,1,2,1,3,4,3,3,3,3,4,4,2,3,male
4,3,2,1,4,5,3,1,1,3,2,2,3,4,male
3,4,5,5,1,3,3,3,5,3,3,4,1,3,
1,1,3,1,4,3,3,2,1,3,2,1,2,3,female
2,4,2,1,3,4,3,2,1,3,3,2,3,3,female
5,2,2,1,2,4,2,2,1,4,1,3,4,4,male
3,5,5,3,1,3,4,3,2,4,3,4,4,5,female
2,5,5,5,1,2,5,5,3,5,1,5,5,4,female
1,2,4,2,1,2,5,2,4,2,2,3,2,1,female
3,4,3,3,1,2,4,4,2,1,3,4,3,4,female
3,2,5,3,4,2,3,2,3,4,5,4,2,3,female
1,1,5,1,1,1,2,2,1,5,2,4,3,4,female
1,2,5,2,2,5,5,4,5,3,3,5,3,5,female
5,4,4,2,1,3,3,4,2,3,3,5,3,4,female
1,2,5,3,2,3,3,3,2,4,4,5,3,3,female
3,3,4,1,2,3,4,5,1,2,4,5,4,4,female
5,1,2,3,2,3,4,2,2,3,4,3,4,3,male
3,1,5,5,5,3,3,2,1,4,4,3,3,4,female
1,2,5,2,1,2,3,4,1,3,2,4,3,3,female
1,1,2,3,1,5,4,5,5,1,2,2,1,3,female
1,1,5,5,1,1,3,3,1,3,5,1,3,2,female
5,2,2,2,1,3,3,2,1,4,1,3,5,5,female
3,1,5,1,4,4,3,1,2,4,3,4,4,3,male
4,5,4,3,2,3.234063745,4,3,1,3,2,3,2,3,female
4,3,4,1,2,3,4,3,1,2,4,4,3,3,female
5,3,4,1,1,4,3,4,1,3,2,3.486111111,3,5,female
4,3,5,4,1,1,4,4,2,3,3,4,4,3,female
1,1,4,1,1,4,3,3,1,3,3,3,3,5,female
2,3,5,3,1,3,4,5,2,3,4,4,3,3,female
1,2,5,2,5,5,3,5,1,4,1,2,5,3,female
1,1,5,5,1,1,5,5,1,5,3,5,5,5,female
4,3,1,1,2,4,4,4,3,1,3.014910537,3,4,4,female
3,3,5,5,1,1,3,5,1,4,4,5,1,5,female
4,2,3,3,3,5,4,1,2,4,3,4,3,4,male
1,1,1,1,4,4,3,3,1,2,2,1,1,3,female
1,2.461767627,1,1,2,3,5,2,5,5,3,3,4,5,male
3,3,3,3,3,3,3,3,3,3,3,3,3,3,male
3,5,5,4,2,2,5,4,2,2,4,4,3,3,female
1,3,3,1,2,3,3,4,2,3,5,4,3,2,female
2,2,5,2,2,1,1,2,1,5,3,5,5,3,female
4,1,3,3,2,5,4,4,3,3,3,3,3,4,female
1,1,4,3,1,1,3,4,5,3,3,3,3,4,female
4,3,4,3,3,3,3,5,1,2,4,4,3,4,female
4,4,3,1,4,4,1,1,1,4,3,3,3,5,female
3,5,5,2,3,4,5,5,1,5,4,4,5,4,female
3,1,2,1,2,5,2,3,2,3,3,2,2,3,female
1,2.461767627,5,5,1,2,3,4,2,2,4,4,3,3,female
5,3,4,4,1,3,4,4,1,5,4,4,4,4,male
1,1,2,1,2,4,4,5,3,3,1,5,1,2,female
5,3,4,2,1,4,3,2,2,5,1,4,5,5,female
3,4,1,1,1,4,3,4,2,4,4,4,5,4,female
1,3,5,4,2,4,3,4,2,5,3,4,3,3,female
5,2,4,2,1,1,3,4,1,5,2,3,4,3,female
2,1,2,1,2,3,2,2,3,4,2,4,3,4,male
5,2,2,3,3,5,1,1,1,5,4,5,5,4,male
1,1,5,2,1,1,4,5,1,5,5,5,3,4,female
3,5,5,2,2,2,1,5,2,2,4,3,4,5,female
1,3,2,1,4,4,2,4,1,1,4,4,3,4,male
1,1,4,2,1,2,4,3,4,3,4,5,3,3,female
5,2,2,2,3,5,3,2,1,4,2,4,5,5,male
5,1,1,2,1,2,2,1,1,5,2,4,4,5,male
1,3,4,2,1,3,3,3,1,4,3,4,3,4,female
2,2,5,3,1,3,3,3,5,4,2,4,3,4,female
2,2,4,2,1,3,4,4,2,3,3,4,3,3,female
5,2,3,2,3,4,4,1,1,5,1,1,3,4,male
5,1,2,2,2,3,2,4,1,5,3,5,5,5,male
4,3,5,1,1,5,4,4,4,4,2,4,4,5,female
4,1,2,1,1,3,3,4,1,4,2,4,3,5,male
3,3,5,5,1,4,3,4,1,4,4,5,5,3,female
2,1,2,1,5,4,1,5,4,4,4,5,1,1,female
2,4,3,1,1,2,3,3,1,5,3,5,2,3,female
4,2,5,2,1,3,4,2,3,1,2,5,2,3,female
5,1,2,1,3,5,3,1,1,5,5,5,5,5,male
2,1,1,1,3,3,3,2,2,3,1,2,2,3,male
3,5,3,2,1,2,4,4,2,2,4,3,4,4,female
1,2,4,2,1,2,4,3,1,3,3,4,3,4,female
3,1,3,1,2,3,3,5,1,2,1,4,3,4,female
1,1,2,1,4,5,2,1,2,1,2,4,2,2,male
2,4,3.276785714,3,1,3,5,5,1,3,4,4,3,5,female
1,4,5,4,2,3,3,5,1,4,4,3,1,3,female
1,3,4,1,1,3,1,3,1,5,1,5,4,4,female
4,4,3,3,2,3,4,2,4,5,2,3,4,4,female
5,4,5,2,1,5,4,5,5,5,4,2,4,4,female
1,1,1,1,3,5,3,1,4,3,5,1,2,3,female
4,4,4,3,2,4,4,4,2,4,3,5,5,5,female
4,5,5,1,3,3,3,2,1,3,2,4,4,4,female
4,2,4,2,2,3,2,2,2,4,4,3,3,3,male
5,3,4,3,1,3,4,3,1,5,1,5,3,5,female
2,1,1,1,2,2,4,2,1,4,4,3,4,5,male
2,5,5,4,1,2,3,2,3,3,3,4,5,4,female
5,2,3,3,5,5,5,3,1,3,1,5,5,5,male
1,2,5,4,1,4,5,2,3,1,4,4,2,3,male
4,4,5,4,2,3,3,3,1,5,3,3,3,4,female
3,3,2,2,3,5,4,1,1,5,1,4,3,4,male
3,5,5,3,1,2,3,3,3,3,3,3,3,3,female
3,3,3,4,1,3,3,4,2,2,4,2,4,2,female
3,3,4,4,3,4,4,2,3,4,2,2,2,3,male
4,5,4,3,1,3,4,3,3,3,3,4,5,4,female
3,2,4,3,1,2,3,1,2,5,4,4,4,5,female
2,1,4,3,3,5,3,1,2,2,1,4,2,2,male
4,2,4,4,2,2,4,3,2,3,3,3,3,4,female
5,3,3,2,3,5,4,2,3,4,4,3,3,4,male
2,1,2,3,1,1,2,5,1,2,4,3,3,4,female
2,1,4,5,1,4,4,4,1,3,3,3,3,4,female
3,1,3,1,1,1,3,1,1,4,3,5,4,5,male
2,3,5,5,1,3,3,5,3,4,5,4,3,3,female
1,1,3,4,2,3,3,3,2,2,3,3,3,1,female
5,5,2,3,5,4,4,1,1,5,5,3,4,5,male
1,4,3,1,4,3,5,5,1,1,3,2,2,3,female
3,2,4,2,2,3,4,4,1,3,3,4,5,4,female
3,1,4,2,1,3,2,5,1,4,4,2,4,4,female
4,4,3,2,2,5,4,2,4,2,2,5,3,1,male
1,1,2,3,5,5,4,2,1,3,2,2,3,3,male
5,2,1,4,5,5,5,1,1,1,5,5,5,4,male
4,5,5,4,1,4,5,5,2,4,5,5,3,4,female
2,2,4,3,1,2,4,1,2,5,4,5,4,5,female
2,1,1,2,2,4,3,5,3,5,5,5,4,4,female
5,5,5,4,1,5,4,1,5,5,5,5,3,2,male
4,4,3,2,3,2,3,3,2,4,4,4,4,4,female
1,5,3,2,1,3,4,5,2,4,3,3,5,5,female
1,1,4,5,1,1,3,5,1,3,5,3,2,4,female
3,1,3,3,1,2,4,4,3,4,2,4,4,4,female
3,1,3,2,1,2,1,3,1,2,3,3,3,3,male
5,1,2,3,2,4,5,3,5,3,5,5,3,4,male
4,5,4,1,3,4,2,1,1,4,3,4,4,5,male
5,1,5,3,1,1,5,4,4,5,3,5,3,5,female
3,1,1,1,2,5,3,2,2,4,2,2,3,3,male
4,3,5,4,4,3,3,4,1,5,3,4,3,5,female
5,1,1,1,5,2,4,4,4,4,4,4,4,4,male
3,2,4,2,2,2,3,4,2,3,3,4,3,3,female
1,3,5,4,4,4,4,4,1,4,3,4,4,4,female
2,1,3,3,2,3,3,2,3,4,4,3,5,2,male
2,1,1,3,5,5,4,1,1,3,2,4,3,3,male
3,1,3,1,2,2,3,3,1,4,3,4,3,5,male
1,2,2,3,2,2,3,1,2,3,4,4,3,3,male
1,1,5,3,1,2,3,3,1,3,3,3,3,4,female
2.94836147,4,5,4,1,4,5,5,4,2,4,3,3,2,female
3,4,3,1,2,3,4,5,3,4,2,4,5,5,female
5,2,2,2,2.064548163,4,4,4,4,4,5,2,4,5,female
5,2,1,2,1,4,4,4,4,4,5,2,4,3,female
4,1,4,3,1,3,4,1,1,4,2,3,4,3,male
5,1,3,1,1,2,1,2,1,4,1,1,3,4,male
3,1,2,3,2,3.234063745,3,1,1,4,3,3,3,4,male
5,2,2,1,1,4,5,1,1,3,1,5,4,5,male
4,1,5,5,1,3,3,5,3,2,3,3,3,4,female
5,1,3,3,3,3,4,2,4,4,4,2,3,3,male
3,4,5,1,1,3,5,4,3,5,1,5,3,4,female
2,5,3,1,3,3,3,2,1,4,1,3,5,4,female
2,1,3,1,3,5,3,2,1,4,3,4,1,3,male
5,1,1,3,1,3,1,2,1,2,1,2,3,4,male
5,3,5,3,2,4,4,5,3,3,4,3,3,4,female
1,1,3,2,2,2,3,4,1,5,5,2,2,3,female
1,4,3,3,1,2,5,5,1,4,5,1,4,5,female
5,2,2,1,4,3,3,3,2,2,4,4,2,3,female
5,5,3,1,1,1,4,4,2,3,4,3,3,3,female
3,5,3,2,3,5,3,2,2,3,4,2,4,5,male
5,4,5,4,1,3,4,4,1,4,2,5,5,4,female
2,2,4,1,1,3,5,3,1,4,2,2,3,4,female
4,5,5,5,1,2,5,4,1,4,3,5,5,5,female
3,1,2,1,2,5,4,2,1,3,3,3,3,4,male
1,1,5,1,1,2,3,5,1,3,4,5,3,4,female
5,3,2,3,4,5,5,3,1,4,1,4,4,4,male
4,2,4,1,4,4,3,5,1,3,2,3,3,4,female
4,3,5,5,2,3,5,5,2,3,5,5,3,4,female
3,3,4,1,2,3,2,5,1,4,2,1,4,3,female
2,2,5,2,1,2,3,4,2,3,3,4,4,4,female
1,2,3,2,2,3,3,2,2,3,3,3,3,3,male
2,3,4,2,1,1,3,5,1,2,1,2,2,4,female
3,3,4,3,1,2,3,5,2,3,2,4,3,3,female
3,1,2,1,1,3,1,1,1,5,3,2,3,5,male
1,1,3,5,2,3,5,4,5,1,4,4,3,1,male
3,1,3,1,3,5,3,1,1,5,3,4,3,5,male
3,1,2,2,3,3,3,3,3,3,5,3,3,3,female
1,2,5,5,1,3,5,5,4,3,4,5,3,2,female
4,5,5,4,3,5,3,3,3,5,3,5,4,4,female
2,3,3,2,4,4,4,2,2,5,2,3,4,4,female
1,1,2,1,5,5,2,1,1,2,5,4,3,2,male
1,1,2,1,1,2,2,3,3,5,3,4,4,4,female
3,1,2,3,1,4,1,4,1,5,4,3,2,4,male
5,1,1,2,2,1,1,3,1,5,1,3,2,4,male
5,1,3,1,2,3,3,3,1,4,4,4,3,3,female
1,2,4,2,3,2,3,4,2,5,2,4,5,4,female
1,3,2,1,1,1,4,3,1,3,3,3,3,3,female
4,4,4,3,2,3,3,4,3,3,4,3,3,4,female
1,3,3,1,1,4,4,5,3,3,5,5,3,4,female
4,5,5,5,3,3,3,2,5,3,3,3,5,5,female
5,1,5,1,4,5,2,1,3,5,3,3,5,5,male
1,4,5,2,1,2,3,5,4,4,4,3,5,5,female
1,1,5,1,1,1,3,5,1,1,5,3,2,5,female
5,1,2,3,2,4,4,2,2,3,3,4,3,4,male
1,1,4,1,1,5,2,3,1,5,1,4,5,5,male
5,3,5,5,1,1,5,5,1,5,5,5,3,3,female
3,4,3,2,2,2,2,4,1,4,3,3,4,4,female
4,1,1,1,3,4,3,3,4,4,3,1,3,2,male
2,1,5,3,2,3,3,5,1,3,4,3,2,4,female
1,4,1,1,2,5,3,3,1,5,3,4,5,3,female
3,1,3,2,1,2,3,3,3,5,4,3,4,4,female
2,5,4,4,4,4,4,4,3,3,3,3,3,4,female
2,2,4,3,2,5,4,4,5,2,4,4,3,4,female
2,3,3,2.362103175,1,2,3,3,1,4,5,4,4,4,female
3,5,5,5,1,3,3,5,3,3,3,1,1,1,female
1,1,1,1,1,1,3,4,1,5,4,1,3,4,female
1,1,2,1,1,4,3,4,2,3,3,4,5,3,male
2,4,5,5,1,2,3,5,1,5,3,3,2,3,female
4,1,3,4,1,3,3,2,1,3,1,3,3,3,female
4,4,4,1,2,3,2,4,1,4,4,1,3,4,female
4,1,2,2,5,5,4,3,2,4,2,4,4,3,male
1,1,1,1,3,5,3,2,2,5,2,2,2,2,male
2,1,2,3,2,4,5,5,3,5,3,4,4,3,female
4,5,4,2,5,4,4,2,1,4,4,5,3,4,male
2,2,5,3,3,2,3,5,1,4,4,2,4,4,female
1,5,4,2,3,4,3,5,2,2,4,3,2,4,male
3,2,2,2,3,2,4,5,1,3,4,3,3,2,female
1,1,3,4,2,5,4,2,2,4,3,3,4,2,female
2,1,3,3,1,1,1,1,1,4,3,4,5,5,male
3,4,4,4,1,3,4,5,3,4,3,4,3,3,female
2,5,3,2,2,3,4,4,1,1,3,4,3,4,female
2,2,3,4,2,4,3,4,1,4,3,4,3,3,female
4,2,3,1,2,2,4,2,2,5,2,4,2,3,female
5,3,2,1,4,3,3,5,1,3,2,3,3,4,female
3,5,5,5,1,3,4,4,1,3,3,3,4,4,female
3,1,2,1,1,2,2,1,3,2,2,3,3,2,male
1,1,1,1,3,3,5,5,3,1,3,3,3,3,female
3,1,5,3,1,3,4,2,2,4,3,5,5,4,female
2,3,3,2,2,3,4,4,3,2,3,5,3,3,female
1,2,3,5,1,5,5,2,1,3,4,5,4,5,male
2,4,3,1,2,4,4,3,1,4,2,4,3,4,male
4,5,5,3,1,3,5,5,4,5,2,5,5,5,female
2,3,3,2,1,3,4,4,3,2,3,5,3,3,female
4,2,5,5,1,2,4,4,1,4,2,4,3,4,female
1,4,5,4,1,2,4,5,5,4,3,3,3,3,female
4,1,1,1,4,4,5,1,3,3,4,3,2,3,male
4,2,1,1,4,4,3,1,1,4,1,3,3,4,male
1,5,5,1,1,1,5,5,5,4,1,3,4,3,female
5,2,3,1,1,3,3,3,1,5,2,2,3,4,female
5,1,1,1,1,3,5,2,1,5,4,5,5,5,male
4,3,4,3,2,4,3,3,2,3,3,3,3,3,male
2,1,2,1,3,4,3,4,2,4,4,4,2,3,female
1,1,5,1,1,1,4,5,4,1,3,2,3,2,female
2,1,5,3,1,3,4,5,5,4,2,5,4,3,female
2,2,3,2,2,4,3,2,1,4,2,2,3,4,female
5,1,4,5,1,4,1,4,2,5,2,3,5,4,male
1,1,3,2,1,1,4,4,4,3,3,3,3,3,female
2,1,4,3,2,4,4,4,4,4,1,3,3,3,female
3,3,2,3,2,5,5,1,3,5,2,4,5,4,male
3,1,3,3,1,2,3,5,1,2,4,4,3,4,female
5,1,3,1,4,5,1,1,1,5,3,4,5,5,male
2,1,1,1,4,2,3,3,3,2,3,3,1,2,male
1,1,1,1,2,1,5,1,2,1,1,1,2,1,male
5,1,3,2,5,5,4,1,2,4,2,5,5,5,male
2,2,2,4,2,2,3,4,2,2,2,3,5,3,female
2,2,3,2,1,3,4,3,3,3,3,4,4,3,female
4,2,1,2.362103175,2,3,3,4,1,5,3,1,3,4,female
1,4,4,2,1,3,5,1,4,4,3,5,4,4,male
2,2,3,2,2,4,3,3,1,4,3,3,3,4,female
3,4,5,2,2,4,2,5,1,4,4,4,4,4,female
1,1,1,1,4,4,5,2,2,4,1,3,2,4,male
2,1,1,2,2,3,3,1,3,2,4,2,2,3,male
4,2,5,3,4,5,3,4,2,2,2,3,5,2,female
5,1,4,2,1,1,4,3,1,3,4,3,3,3,female
1,1,2,4,1,4,2,5,1,1,1,2,2,3,female
1,4,4,5,2,3,5,4,3,4,5,4,1,2,female
4,5,5,5,3,5,1,5,5,5,5,5,5,5,female
3,1,2,1,4,5,3,2,1,3,2,3,3,4,male
5,3,5,3,1,5,3,3,1,5,3,5,5,5,female
1,4,5,4,1,1,4,2,3,5,1,3,3,4,female
2,5,3,3,1,3,3,2,1,3,2,2,2,4,female
3,5,2,4,2,2,5,5,1,3,4,2,3,2,female
4,2,2,2,2,5,3,1,1,3,3,4,4,4,male
4,1,4,3,3,2,4,5,2,5,4,4,5,4,female
4,3,5,4,1,3,4,4,1,4,4,4,3,3,female
2,2,4,2,3,2,3,4,1,3,3,3,3,3,female
3,3,3,1,1,3,4,4,4,1,3,4,3,4,female
1,4,2,1,1,2,4,4,2,3,2,2,4,3,female
1,1,1,1,2,5,1,1,1,1,3,4,3,2,male
2,4,4,3,4,3,5,5,2,2,5,4,3,5,female
4,3,3,2,1,2,3,3,1,1,5,3,3,3,female
3,1,4,1,1,5,2,1,2,5,1,5,4,4,male
3,1,3,3,5,5,5,5,3,5,4,1,4,3,female
5,5,5,5,1,5,2,2,1,3,1,2,4,4,female
3,2,2,3,4,4,2,1,1,3,4,4,4,4,male
5,1,3,1,3,4,1,1,1,5,3,2,3,5,male
5,5,2,2,2,4,3,3,1,4,3,4,4,5,female
1,1,2,2,1,1,4,3,4,1,3,3,3,4,male
5,5,5,1,1,1,1,1,1,5,1,5,5,5,female
5,5,3,1,5,5,3,1,1,4,1,5,4,5,male
5,1,3,1,5,5,4,3,1,5,2,1,3,4,male
1,5,5,5,1,5,5,1,1,5,1,1,3,5,female
5,2,2,3,3,4,3,1,1,4,2,3,3,5,male
1,1,3,3,1,2,3,3,1,5,1,4,3,3,male
3,1,5,3,1,2,1,1,1,5,1,4,3,2,male
5,5,5,1,2,1,5,5,1,3,2,5,5,4,male
4,5,5,5,4,5,5,3,2,5,3,4,4,5,female
1,4,4,3,2,2,4,3,1,4,4,4,4,5,female
4,1,2,1,2,2,5,2,3,3,5,5,3,3,male
3,4,5,3,2,3,4,5,5,4,4,4,3,4,female
2,3,5,4,1,3,3,4,3,4,4,3,3,4,female
4,3,4,2,1,3,4,3,1,2,5,4,4,4,female
3,2,3,1,4,4,4,3,3,4,4,4,1,4,male
5,2,3,5,2,1,3,3,2,3,2,4,2,2,female
4,4,4,2,3,3,3,3,1.912524851,3,3,4,4,3,female
2.94836147,2,1,2,5,5,4,1,2,4,3,4,4,5,male
4,4,3,2,5,3,3,2,1,4,5,5,4,5,female
4,1,1,1,5,5,5,1,1,5,1,1,1,1,male
1,1,2,2,1,2,3,3,1,3,2,2,3,2,male
4,5,2,2,4,4,2,3,4,5,3,1,3,4,female
3,2,2,1,4,4,3,2,1,5,1,4,3,3,male
3,5,5,3,1,3,3,4,1,4,3,3,3,4,female
5,2,3,1,2,4,4,2,1,4,2,4,2,5,male
2,2,4,2,1,4,3,3,1,3,4,3,2,3,female
5,3,5,3,2,5,5,1,1,5,3,5,5,5,male
5,1,5,5,1,1,4,3,2,4,5,5,5,5,female
5,1,3,1,4,5,4,1,2,1,4,4,4,4,male
2,1,4,3,1,2,5,5,1,2,5,3,5,4,female
4,1,5,3,5,5,4,1,3,2,4,4,1,2,male
5,1,4,3,5,5,4,3,3,3,4,5,5,3,male
3,2,5,3,1,3,5,5,3,3,3,4,5,4,female
3,4,4,4,2,4,3,2,2,3,2,4,4,4,
2,1,3,1,2,3,2,1,1,3,5,4,4,4,male
4,1,4,1,1,5,2,1,1,4,4,4,5,4,male
5,2,5,2,1,5,4,3,3,2,5,3,1,4,male
5,3,3,1,4,5,4,4,3,4,1,4,4,4,male
5,1,1,1,1,2,2,1,1,5,1,3,3,4,male
1,1,3,3,1,2,3,5,4,3,3,1,3,3,female
1,3,4,2,1,3,4,2,1,2,3,4,3,4,female
3,5,4,2,1,3,2,4,3,3,4,4,3,4,female
1,1,3,4,1,2,4,4,3,3,3,3,4,4,female
3,5,5,5,1,3,3,5,1,4,3,5,4,4,female
5,5,5,1,1,2,4,4,3,4,4,3,3,3,female
3,4,3,3,3,4,3,2,2,3,2,3,2,4,male
2,2,5,5,1,1,2,5,1,2,4,3,2,1,female
2,2,5,3,1,1,5,3,1,3,2,4,4,4,female
5,3,5,1,1,3,5,4,1,4,3,4,5,3,female
1,2,4,2,2,2,2,4,2,3,4,4,4,3,female
1,2,3,4,1,1,5,5,1,1,4,3,5,4,female
5,5,2,2,2,2,5,5,5,1,5,1,5,4,female
2,2,2,2,3,3,4,2,1,2,4,4,3,4,male
5,3,3,3,3,2,1,1,1,5,2,3,5,4,male
4,2,5,4,2,4,3,1,2,5,1,5,5,5,male
5,1,3,1,2,5,3,2,1,4,3,5,4,5,male
5,5,5,5,1,2,3,4,5,3,4,4,3,3,female
1,5,1,2,1,2,2,4,3,3,2,5,3,3,female
5,2,3,2,2,2,3,1,3,2,4,4,3,4,male
2,4,5,5,1,1,4,3,1,4,3,5,4,3,female
3,4,4,2,4,2,3,3,1,4,2,4,5,4,female
4,1,5,3,1,4,4,3,1,5,4,3,5,4,male
5,3,3,1,3,1,5,5,3,5,4,3,4,4,male
5,3,5,1,1,5,3,2,1,3,3,5,4,5,female
5,1,5,2,3,3,2,1,1,5,3,1,4,4,male
4,3,4,3,1,4,3,5,1,5,3,3,1,5,female
5,4,2,2,3,5,4,4,1,3,2,2,2,4,female
5,2,3,2,3,5,1,2,3,4,3,4,3,5,male
5,4,5,2,3,2,5,4,2,2,3,3,5,2,female
3,3,4,4,1,5,3,3,1,3,3,2,3,4,female
1,1,2,4,4,4,3,3,1,3,2,4,4,2,male
5,1,2,1,2,3,1,1,1,5,3,5,3,4,male
3,2,5,3,1,3,4,5,1,3,1,3,4,4,female
3,2,2,1,2,3,3,1,1,2,3,5,4,4,male
3,3,1,1,2,5,4,3,1,5,5,5,3,4,male
1,1,2,2,2,3,3,4,1,3,5,4,2,3,female
1,1,3,3,1,3,5,4,1,3,3,3,3,3,male
3,1,5,3,1,5,3,5,1,4,4,1,3,4,male
5,1,3,2,2,2,3,4,4,5,4,4,4,4,female
3,5,5,3,1,1,3,5,1,3,3,3,3,4,female
5,3,4,1,1,4,4,5,1,5,3,4,4,5,female
3,5,2,1,5,5,3,1,3,2,3,2,3,3,male
4,5,4,2,2,4,2,3,1,4,1,4,3,5,female
3,5,5,4,1,5,5,4,3,3,3,5,3,5,female
3,3,2,1,2,3,2,4,1,4,2,2,3,4,female
4,1,3,1,2,3,3,2,1,3,4,5,4,3,male
5,1,1,1,1,1,2,1,1,5,5,1,2,1,male
4,1,1,1,2,4,3,3,2,3,1,2,3,2,male
5,2,2,2,2,2,3,2,4,2,2,1,2,3,male
2,3,2,3,2,5,3,2,1,2,2,3,4,4,male
4,3,3,3,2,2,3,2,1,3,2,3,4,4,male
2,3,3,5,1,2,2,5,1,3,4,3,4,3,female
1,5,3,1,1,1,2,3,2,5,3,2,5,3,female
4,3,2,2,3,4,1,1,1,4,1,4,5,5,male
3,3,4,4,1,4,2,3,1,4,4,4,3,4,female
3,4,5,3,1,4,4,5,1,5,1,3,3,5,female
3,1,3,2,5,5,4,4,2,1,3,3,4,5,male
1,1,2,2,2,4,3,1,3,3,1,3,3,3.633830846,male
1,2,5,1,2,5,2,4,3,3,3,2,3,4,female
2,4,4,3,5,2,5,4,4,4,4,4,4,2,male
4,1,4,1,2,5,2,3,1,5,3,3,4,5,male
1,1,2,4,2,4,2,1,1,2,4,2,3,3,male
3,3,5,4,1,4,3,5,4,2,4,4,4,4,female
1,1,3,3,4,2,2,3,3,3,5,3,3,5,male
3,2,4,2,1,2,3,2,2,2,5,4,2,4,female
3,3,5,2,1,5,5,2,1,5,5,3,3,5,female
2,1,2,1,3,4,3,2,1,3,3,3,3,3,male
3,1,2,1,4,5,1,1,1,5,3,1,1,5,male
5,1,4,1,1,4,3,3,5,5,4,5,5,4,female
5,1,3,4,1,3,3,3,1,4,1,5,3,4,female
3,1,1,1,5,5,5,1,1,3,3,5,4,4,male
4,1,1,1,1,4,3,1,1,4,5,5,3,5,male
2,1,1,1,1,1,2,3,1,3,4,3,3,3,
4,3,3,1,1,2,3,3,1,4,2,2,5,3,female
3,1,2,2,1,3,4,3,1,2,4,4,4,3,male
5,5,5,3,1,1,3,3,5,2,4,4,2,3,female
2,5,4,3,1,3,3,4,4,5,4,5,4,5,female
4,2,4,4,2,2,4,4,1,3,3,3,3,3,female
2,2,4,4,1,2,5,5,1,1,5,5,5,1,female
5,1,2,1,4,4,4,2,3,4,2,3,2,2,male
4,3,5,3,1,1,2,2,1,2,1,4,3,2,female
3,4,5,2,1,2,4,5,4,1,2,1,1,5,female
2,5,4,2,3,3,1,5,1,3,1,3,5,5,female
5,1,2,2,3,2,2,1,1,5,2,2,3,5,male
3,2,3,1,1,4,4,1,1,5,2,3,5,4,male
3,5,5,3,2,3,2,4,1,3,2,3,4,3,female
1,5,2,2,3,4,4,5,1.912524851,2,4,4,3,4,female
4,5,4,2,1,2,3,1,1,5,1,3,5,4,male
4,2,4,2,5,5,3,1,1,4,2,4,3,5,male
1,1,3,3,1,3,5,3,2,3,4,3,2,4,female
2,1,1,1,1,4,3,4,2,3,3,3,2,3,male
5,3,5,5,3,3,4,3,2,4,5,4,3,5,female
2,1,2,1,2,2,4,4,2,4,4,3,3,3,male
1,2,5,2,5,5,4,4,1,2,4,4,2,2,male
4,5,2,2,2,3,3,4,1,4,4,4,4,3.633830846,female
2,3,4,4,2,2,3,5,1,3,2,4,3,4,female
3,2,4,4,4,5,4,4,1,3,3,4,3,4,male
1,1,2,2,1,3,3,1,1,3,3,3,5,3,male
4,3,5,3,1,1,5,5,1,3,5,3,3,3,female
3,5,3,1,1,2,5,4,1,5,2,4,5,5,female
4,5,4,4,1,3,4,3,1,4,4,4,2,3,female
4,3,3,2,4,1,4,2,2,3,2,3,3,4,male
2,1,3,1,1,2,3,1,2,4,4,4,5,4,male
1,1,1,1,2,5,4,1,1,3,4,5,1,3,male
2,3,3,2,1,5,2,3,1,5,5,4,2,4,female
2,2,3,3,2,4,3,2,1,3,2,3,3,4,male
2,1,3,1,1,2,4,4,1,4,3,4,3,3,female
5,5,5,2,5,4,5,5,2,4,3,5,4,4,female
3,1,5,1,1,4,4,5,4,3,4,4,5,4,female
5,4,2,1,3,4,1,4,1,4,1,5,3,3,male
1,3,2,1,3,1,5,2,4,5,1,5,2,4,male
3,2,3,4,1,2,3,5,2,1,3,4,3,2,female
2,2,4,3,2,2,3,3,2,4,1,4,3,3,female
2,2,4,2,2,3,3,2,2,4,4,1,4,3,female
4,3,2,1,3,3,3,3,3,3,3,3,3,3,male
2,5,4,3,1,4,5,4,2,3,3,4,3,3,female
5,2,3,1,1,4,3,2,1,5,3,1,3,4,female
5,1,1,1,1,3,4,4,1,3,2,2,5,2,female
4,2,1,1,2,3,1,2,1,3,1,1,3,3,male
1,1,2,1,4,5,3,2,2,4,3,4,3,4,male
3,2,4,2,2,3,3,3,3,3,2,4,4,4,male
3,4,3,2,2,3,1,3,1,4,1,4,3,4,female
2,5,4,4,3,3,5,4,1,3,4,5,3,4,female
1,2,4,3,1,3,5,4,2,2,4,3,2,2,female
1,1,3,4,1,2,4,3,2,2,4,4,2,2,female
4,1,2,1,3,4,3,2,1,4,3,5,3,5,male
2,5,5,4,2,2,5,5,2,2,5,4,4,4,female
2,1,3,4,1,3,3,3,2,3,2,4,3,2,female
4,3,3,3,1,1,2,1,1,1,3,4,3,3,female
5,2,1,1,2,5,3,1,3,3,1,4,3,3,female
2,2,3,2,1,3,3,5,1,1,3,2,3,3,female
5,5,3,2,2,4,3,3,1,3,3,1,3,3,female
3,3,3,1,4,5,3,5,1,3,4,4,4,4,female
3,1,3,2,2,4,2,1,5,5,3,3,3,3,male
1,3,3,3,1,3,5,5,3,3,3,5,4,3,female
1,4,5,4,1,1,3,4,1,2,2,2,4,4,female
3,4,4,4,1,4,4,3,2,4,4,4,4,4,female
3,3,3,3,3,3,3,3,3,3,3,3,3,3,male
5,3,4,2,3,5,3,2,1,3,3,3,3,4,male
1,2,5,3,1,1,4,4,1,3,4,3,3,3,female
2,3,4,3,1,2,4,1,2,2,3,3,3,3,male
2,3,2,2,2,4,3,2,2,2,3,3,3,3,male
4,4,4,2,1,2,3,1,2,4,5,3,5,5,female
2,2,3,2,3,4,3,1,1,3,2,5,3,3,male
4,3,5,3,1,3,5,3,3,2,3,3,3,3,female
3,3,2,2,3,5,3,1,1,5,1,4,4,4,male
3,4,3,3,2,2,3,4,1,3,3,3,3,4,female
1,5,2,1,1,2,3,4,3,4,3,3,3,2,female
1,1,3,3,1,1,2,4,4,4,2,3,2,3,female
4,5,5,5,2,1,4,5,1,5,5,5,5,5,female
2,5,4,4,1,2,4,2,2,3,1,3,4,5,female
1,1,2,2,1,1,3,2,1,5,3,1,4,4,female
5,3,2,1,3,3,3,3,1,5,3,3,4,5,female
2,3,1,1,5,5,3,2,1,5,5,5,5,5,male
5,1,2,3,1,3,1,1,1,4,1,1,5,5,male
5,5,4,3,1,2,3,4,1,3,3,3,3,4,female
5,4,5,3,5,5,4,3,1,5,1,5,4,4,female
4,3,3.276785714,2,1,4,4,2,2,4,2,5,5,5,male
4,2,3,2,2,4,2,2,1,1,5,3,1,4,female
3,2,2,1,3,3,3,1,1,4,5,4,3,5,male
5,3,5,4,1,2,3,1,2,5,3,3,5,4,female
5,1,3,1,4,2,3,3,1,5,2,4,3,4,female
2,1,3,3,1,2,4,5,2,3,2,3,2,3,female
1,1,4,3,1,4,1,2,1,4,2,3,4,4,female
2,5,3,1,1,1,4,5,1,4,3,4,5,4,female
4,4,3,4,2,2,3,5,1,1,2,1,3,5,female
1,1,3,1,3,5,3,1,1,2,3,3,3,3,male
2,3,4,1,5,4,3,3,1,3,3,4,2,4,male
1,3,3,1,1,1,3,4,1,4,3,3,3,4,female
3,2,3,3,1,3,3,3,3,3,3,4,3,3,female
2,1,2,2,2,3,2,3,1,3,3,3,4,3,male
5,2,4,3,3,4,4,4,1,4,3,4,4,4,female
4,5,1,1,2,4,3,5,1,3,3,5,4,5,female
2,3,3,1,2,2,4,5,5,5,5,4,3,3,female
1,2,3,1,1,2,5,3,2,3,4,4,3,3.633830846,female
1,3,2,3,2,1,3,4,2,3,4,3,3,2,female
5,1,2,4,3,4,3,1,1,3,4,5,3,4,male
2,5,3,1,1,4,4,2,1,4,2,5,4,4,male
2,1,2,2,3,5,3,3,1,4,4,3,4,4,male
5,2,5,5,1,5,3,5,4,5,1,3,5,5,female
5,2,2,1,4,4,3,2,1,4,1,2,4,5,male
5,3,1,2,1,3,5,4,2,4,4,3,3,4,female
2,4,3,4,2,2,3,1,1,5,4,4,3,4,female
4,5,3,1,2,1,4,3,2,4,3,4,4,5,female
2,5,5,2,3,5,3,3,3,4,3,3,4,4,female
1,4,2,1,3,1,2,5,1,4,3,2,4,4,female
1,2,2,3,3,1,5,2,2,2,5,5,2,4,female
3,4,3,3,3,3,4,3,4,4,3,4,4,3,female
3,5,4,3,1,1,3,3,3,3,3,3,2,3,female
5,4,3,1,4,4,2,3,3,2,4,4,4,5,male
5,3,3,1,5,5,3,3,2,4,4,4,4,5,male
5,3,4,4,2,4,3,2,2,2,1,3,5,4,male
3,3,2,1,3,2,3,4,1,5,4,3,4,4,female
4,4,3,1,3,4,1,1,2,5,2,4,5,5,male
4,1,1,1,3,4,5,3,3,2,2,4,3,3,male
5,1,3,1,3,5,3,4,1,5,1,2,2,3,male
3,3,2,1,4,5,3,2,3,5,4,5,2,4,male
2,1,4,3,1,2,5,5,3,2,4,4,3,4,female
4,3,4,2,2,3,3,3,1,5,4,5,4,4,female
3,4,4,2,2,3,3,3,1,5,1,3,3,5,female
2,1,3,3,1,3,1,3,1,3,3,4,3,3,male
5,5,5,2,3,5,3,2,2,4,3,5,3,4,female
1,2,5,5,1,2,3,4,1,5,1,3,2,3,female
2,5,5,5,1,4,4,4,4,1,4,3,4,4,female
2,4,2,2,1,2,4,4,2,3,2,3,3,3,female
4,3,2,3,3,4,1,1,1,5,2,3,5,5,male
4,3,4,4,4,5,4,5,1,3,3,3,3,4,female
3,3,4,3,3,4,5,4,2,4,3,4,4,4,male
5,5,4,2,4,5,3,2,2,5,1,4,5,5,female
4,1,4,1,4,5,4,3,3,1,5,3,2,4,male
5,4,5,3,2,5,4,4,2,3,3,4,5,4,male
3,5,4,3,3,2,3,3,1,4,3,4,5,4,female
5,1,2,1,3,5,3,1,1,4,4,2,5,5,male
5,1,4,1,3,4,5,2,1,5,2,4,5,5,male
1,2,2,1,1,4,4,3,3,3,3,3,3,4,male
1,3,4,1,2,3,4,5,1,2,2,3,3,4,female
5,1,2,2,4,5,2,1,2,4,1,4,2,4,male
2,5,4,4,3,3,5,4,3,4,4,4,2,5,female
3,5,4,4,1,3,2,3,3,1,3,3,2,4,male
3,1,3,2,2,3,3,3,1,3,3,3,3,3,male
4,4,4,4,4,4,3,3,3,3,3,3,3,3,female
1,4,5,4,3,4,3,2,3,4,4,5,2,2,female
3,1,1,1,1,5,3,4,4,2,5,3,3,3,male
3,4,5,4,1,2,3,2,2,3,3,4,4,4,female
5,4,3,3,3,2,4,1,3,5,4,3,5,5,female
3,5,1,1,1,2,3,3,2,5,3,3,4,4,female
5,5,5,4,2,5,2,3,2,5,3,3,2,4,female
5,3,3,3,1,5,5,4,1,5,5,5,5,5,male
5,1,5,4,1,1,3,1,1,3,3,3,1,3,male
3,2,5,5,1,1,4,3,3,3,3,4,3,4,female
2,5,5,3,2,4,4,5,2,3,1,5,5,5,female
3,3,4,3,1,3,4,1,2,3,3,4,3,3,male
4,2,3,2,1,1,1,5,1,2,2,1,3,3,female
3,1,4,2,3,5,3,3,4,5,1,4,4,5,female
3,1,4,4,3,5,4,4,1,3,5,5,5,4,male
1,5,3,3,2,4,2,4,2,4,2,4,3,3,male
4,1,4,3,1,1,3,2,1,3,3,4,3,3,male
4,2,2,1,2,3,4,1,1,1,3,4,4,3,male
5,2,4,3,2,2,3,2,3,3,3,5,5,3,male
3,2,3,2,1,1,5,5,1,5,3,5,3,5,female
3,5,5,5,1,4,3,1,1,4,5,5,5,5,male
3,4,2,1,4,5,4,2,2,2,5,2,2,1,female
1,3,5,1,1,3,3,3,2,5,4,3,2,4,female
5,1,4,3,1,5,4,2,2,3,3,3,4,4,male
3,3,4,4,4,3,4,4,3,3,4,3,4,3,male
4,1,3,2,1,1,3,1,2,3,3,3,5,4,male
5,5,5,5,4,5,4,3,4,4,4,5,4,4,female
5,4,3,4,4,5,4,4,1,4,3,5,4,4,male
5,1,4,5,1,1,3,1,1,3,3,3,1,4,male
1,5,3,3,2,4,3,1,4,5,3,4,5,4,female
3,2,3,3,3,4,3,4,2,2,2,4,2,2,male
3,1,4,1,3,4,4,2,1,4,4,5,4,1,male
5,1,1,1,2,5,1,1,1,3.475198413,3,4,5,5,female
3,5,4,2,1,3,2,3,1,4,2,3,5,5,female
5,1,3,3,1,1,5,3,3,5,3,3,3,4,female
5,2,4,3,1,3,4,2,3,5,1,5,3,5,female
3,4,5,5,1,2,5,5,4,2,2,4,5,5,female
2.94836147,4,5,1,1,5,4,3,1,5,4,3,5,3,male
3,1,4,3,1,3,4,3,1,3,3,5,3,3,male
5,1,4,1,1,3,4,2,2,4,2,3,2,5,male
5,1,5,1,1,5,3,3,3,3,3,4,3,4,male
4,3,2,4,1,4,2,3,3,4,3,3,3,3,male
3,2,2,1,3,5,3,4,1,3,4,2,4,4,male
2,3,5,1,1,3,4,4,3,3,5,3,5,3,female
2,3,4,1,1,4,4,2,1,3,4,3,5,4,male
4,5,5,3,2,3,4,3,2,5,3,3,3,5,female
5,2,3,1,4,5,4,1,1,5,3,4,4,5,male
5,3,5,5,3,5,3,3,2,5,4,3,3,5,male
4,3,1,1,1,1,4,5,1,4,4,3,5,2,male
5,1,2,2,1,4,3,1,1,5,3,2,4,4,male
2,3,3,2,3,3,3,2,1,5,3,4,3,5,female
1,3,4,4,1,1,1,2,1,3,1,3,3,4,female
1,1,3,3,1,5,5,1,5,3,5,4,2,2,male
2,1,3,4,1,1,3,1,1,4,3,4,3,3,female
5,1,4,3,1,3,5,3,1,3,2,4,1,3,male
1,1,1,1,1,1,3,2,2,3,3,3,3,3,female
1,1,3,1,1,3,4,4,1,3,4,3,3,2,female
3,2,4,3,1,2,3,5,4,2,3,2,2,2,female
1,2,5,4,1,1,4,3,3,4,4,5,4,4,female
2,1,1,3,2,2,3,3,3,2,4,3,2,2,male
1,5,2,2,1,4,3,3,2,5,4,5,3,3,female
5,5,3,1,4,4,4,4,3,2,3,4,4,3,female
4,3,4,4,2,4,3,2,2,3,3,5,5,4,female
1,1,5,1,2,1,3,3,5,2,5,3,3,3,female
1,1,3,1,4,3,3,1,3,4,4,5,3,4,male
2,1,3,2,2,4,2,2,1,4,2,4,4,5,male
1,2,1,1,4,3,3,3,1,4,3,5,4,3,male
4,1,4,4,1,5,4,1,4,5,1,5,5,5,male
3,5,1,1,5,5,4,4,1,5,3,3,4,5,male
3,5,3,2,1,2,2,2,1,4,2,5,5,4,female
2,3,5,3,1,2,4,4,4,4,4,4,4,4,female
3,3,4,5,2,3,4,4,2,4,3,4,3,4,female
4,5,1,1,1,1,3.25074331,4,1,3,3,3,3,3,male
2,2,4,1,2,5,2,2,1,4,3,3,3,5,female
5,4,5,4,1,5,5,3.031777557,1,3,5,4,5,5,female
4,4,3,3,5,4,5,3,4,2,2,4,4,5,male
2,2,4,4,1,1,3,5,1,4,3,4,3,3,female
2,5,5,1,2,2,4,4,3,4,3,3,2,3,female
3,4,4,2,1,1,3,5,2,2,4,3,3,3,female
4,2,4,1,2,3,3,2,1,4,1,5,5,5,male
2,3,3,2,4,1,2,2,3,4,2,4,3,5,female
1,1,5,4,1,3,5,5,2,2,2,4,2,3,female
5,3,4,3,2,3,4,1,3,5,4,3,5,5,male
4,2,4,5,1,3,2,2,1,4,2,4,4,4,male
3,3,4,3,3,3,5,5,1,4,3,4,5,4,female
3,2,4,3,3,4,3,3,1,3,5,2,5,5,male
4,2,3,1,4,5,4,1,2,3,2,4,2,4,male
2,1,5,5,1,3,3,4,1,4,3,4,4,4,female
2,3,4,4,1,5,2,2,1,3,4,1,3,4,male
5,2,2,1,1,3,1,1,1,4,1,3,1,3,male
3,2,3,2,1,4,1,2,1,4,5,5,3,3,male
4,1,2,1,3,5,2,4,1,5,3,5,4,4,male
5,3,4,4,1,4,4,2,1.912524851,2,1,5,4,4,female
4,3,5,4,2,5,1,1,1,4,1,5,4,5,male
1,3,4,4,1,4,2,2,2,2,3,1,3,3,male
2,2,2,2,1,4,2,2,1,2,2,4,3,2,male
2,3,4,3,2,3,3,3,2,3,2,3,3,4,female
2,1,1,2,3,4,3,1,1,3,2,3,2,3,male
1,1,3,2,3,5,2,3,1,4,2,2,3,4,female
3,3,3,3,2,2,4,3,1,4,2,4,4,3,male
4,3,5,2,1,5,3,5,3,1,3,4,4,3,female
2,2,4,2,2,2,2,2,2,4,3,2,4,5,female
5,1,5,1,5,5,4,5,1,5,3.014910537,5,5,5,male
2,1,3,2,4,5,2,2,1,4,1,1,3,4,male
3,2,3,1,1,3,3,2,2,4,2,3,3,4,male
5,1,5,2,1,2,2,2,1,4,2,4,3,4,female
5,2,3,3,1,4,3,4,1,4,3,3,5,4,female
5,3,3,3,4,4,4,2,1,5,4,5,5,5,male
2,5,1,1,1,3,4,2,1,3,3,5,5,5,male
5,2,2,4,2,4,4,2,1,4,4,5,4,4,male
4,2,3,2,5,4,4,2,1,3,4,5,2,5,male
4,1,5,2,1,2,2,3,1,3,2,4,3,4,female
4,2,5,1,1,5,3,4,2,1,2,5,3,3,female
2,1,4,3,1,1,3,5,1,4,4,2,4,4,female
3,2,2,3,1,2,2,4,1,4,5,4,3,3,female
1,3,5,5,2,1,5,5,1,5,5,5,5,5,female
2,1,4,4,1,4,3,2,1,4,2,4,4,4,female
5,1,1,1,4,5,1,1,1,5,3,4,5,5,male
2,3,2,4,1,3,4,2,4,4,2,3,2,3,male
5,5,4,4,1,2,5,5,4,3,2,3,4,3,female
5,4,2,5,1,4,4,1,2,3,3,5,4,2,female
5,1,4,5,4,5,4,2,1,2,2,5,4,5,male
4,3,3,3,1,3,3,3,3,3,3,3,3,3,male
4,3,2,1,4,4,3,1,2,4,4,4,4,3,male
2,2,2,3,2,3,3,2,2,3,2,3,4,3,female
5,5,5,3,1,4,5,4,1,4,2,3,4,5,female
4,1,2,2,2,2,3,3,3,3,3,3,4,3,male
4,1,2,1,1,4,3,1,2,5,2,4,5,3,male
3,3,2,3,2,4,2,2,4,4,4,1,2,2,male
1,3,3,1,1,3,3,3,3,3,3,3,2,4,female
5,1,2,1,3,5,3,1,1,4,3,5,3,5,male
2,1,3,4,1,3,5,2,3,2,3,4,3,3,male
2,1,2,1,1,1,4,4,1,5,3,3,2,4,female
4,1,3,1,3,2,2,1,2,3.475198413,1,2,2,3,male
3,2,1,4,3,5,2,3,3,5,3,3,5,4,male
5,4,3,5,2,3,3,3,1,5,1,5,3,4,female
5,1,5,3,1,5,2,2,1,5,3,3,5,4,male
1,3,2,1,1,3,3,4,1,4,4,5,4,3,female
1,2,4,4,1,2,3,5,1,1,5,4,4,4,female
3,3,4,3,4,3,2,3,3,3,4,3,3,4,male
4,2,4,4,2,4,5,2,4,3,5,4,3,5,female
1,1,5,4,2,3,3,2,1,4,3,5,4,3,female
5,1,3,2,2.064548163,3,4,4,2,4,3,4,4,4,female
3,2,3,3,2,4,2,2,3,3,3,2,3,4,female
4,4,2,1,1,3,3,3,4,3,3,3,2,3,female
4,5,4,2,2,3,1,5,5,1,5,1,2,2,female
1,1,4,5,1,2,3,3,2,3,3,3,3,3,female
1,1,1,2,1,3,2,2,1,3,2,1,1,1,male
2,1,3,3,2,3,2,1,2,3,3,3,3,3,male
3,2,3,1,2,3,4,2,2,5,3,3,3,4,female
3,5,5,2,1,1,3,5,3,5,4,3,3,4,female
1,1,3,3,1,1,2,4,1,3,2,3,3,3,female
3,2,3,2,3,2,4,2,2,4,3,2,4,3,male
5,1,5,3,4,5,5,3,1,1,3,5,3,4,female
1,3,4,4,2,3,5,5,4,3,3,4,3,3,female
2,2,4,3,1,3,1,3,2,3,3,3,3,3,female
1,5,5,5,1,2,3,5,3,4,4,4,4,4,female
2,1,2,1,1,5,3,1,1,3,2,4,4,4,male
1,4,4,3,1,2,4,5,1,5,5,4,3,5,female
1,2,4,4,1,2,3,4,1,3,3,2,2,3,female
2,2,5,3,2,3,4,5,3,4,4,3,2,3,female
2,1,2,3,1,3,4,3,4,3,3,4,4,5,male
3,3,4,4,1,3,4,3,2,2,4,4,5,5,female
3,2,5,3,1,5,4,4,2,4,3,3,3,4,female
1,1,1,1,2,2,2,3,3,4,2,5,3,3,
1,1,5,2,1,1,5,5,1,3,5,1,3,5,female
2,3,4,3,1,3,4,3,3,2,3,4,4,3,female
4,2,3,1,4,3,4,5,4,4,4,4,1,3,female
1,1,5,4,3,4,5,5,5,4,5,4,1,1,female
4,3,2,2,4,3,2,4,2,2,2,2,3,4,female
3,1,3,1,3,2,4,4,2,4,3,2,4,4,male
2,1,5,4,1,3,3,2,1,2,4,5,3,4,female
5,1,4,5,1,1,5,5,1.912524851,1,5,4,3,2,male
4,2,5,3,3,2,3,4,1,2,2,3,3,4,female
3,2,5,3,3,4,3,4,2,3,3,3,3,4,female
5,1,1,1,5,5,3,1,3,3,3,5,5,3,male
1,1,2,3,1,5,5,3,3,3,4,4,3,3,male
1,3,4,3,1,2,3,3,3,3,3,3,3,3,female
5,5,4,3,4,4,5,5,1,4,4,5,4,4,female
4,1,1,1,1,1,3,3,1,3,4,3,3,2,female
4,1,3,1,1,5,3,1,4,1,3,5,3,3,male
5,1,1,1,4,5,3,1,5,5,3,5,5,5,male
1,2,3,1,4,4,2,1,4,4,1,4,3,3,male
4,5,4,4,2,4,5,4,2,3,5,4,4,3,female
3,5,4,4,1,3.234063745,4,4,2,4,4,4,4,4,female
3,4,4,1,4,5,1,5,1,4,3,1,3,5,female
1,1,1,2,3,3,3,2,1,3,1,3,3,2,male
1,1,2,1,1,4,3,3,2,3,4,2,2,2,male
2,5,5,5,1,2,3,4,2,3,3,3,3,4,female
2,1,2,1,1,2,3,5,2,1,2,3,3,2,female
1,3,2,2,3,2,2,3,1,5,2,3,4,5,female
3,2,4,4,3,5,4,5,3,4,3,4,3,3,male
1,1,3,2,4,1,4,4,4,1,2,4,2,2,female
4,1,2,4,4,5,1,1,2,5,1,5,5,3,male
5,2,2,1,2,4,1,2,1,1,3,4,3,4,male
3,4,5,5,3,3,1,5,1,5,5,5,5,5,female
5,5,5,5,1,1,1,1,1,5,5,5,5,5,female
2,2,2,1,5,5,3,2,1,3,1,3,3,4,male
3,2,2,3,4,5,3,1,1,4,2,5,3,4,male
3,5,2,1,1,1,3,4,4,2,3,2,4,4,male
1,1,5,2,4,5,3,1,5,4,4,5,3,1,male
4,1,3,1,3,4,4,2,3,3,3,3,3,2,male
2,2,5,1,3,5,3,4,1,5,4,3,3,4,female
2,1,5,2,2,5,3,4,4,2,4,3,3,3,female
1,1,2,2,3,4,3,3,2,1,4,3,3,4,female
3,5,4,1,4,3,2,3,1,5,1,4,3,4,female
3,5,4,3,3,3,3,4,1,4,3,3,4,4,female
3,1,4,2,1,1,2,2,2,3,2,4,4,4,male
2,1,2,3,2,2,4,5,1,3,1,4,3,3,female
2,2,3,3,2,3,3,2,1,2,3,5,2,4,male
3,1,1,2,2,3,1,1,4,5,4,4,5,4,female
2,3,3,2,2,3,2,4,1,2,1,1,2,1,female
4,1,5,3,4,5,2,1,2,4,4,4,3,3,male
3,5,4,3,1,1,3,3,3,4,3,3,4,4,female
3,3,2,1,1,3,1,4,1,4,4,4,3,3,female
2,2,2,3,2,3,3,2,1,3,1,1,3,3,female
2,1,2,1,3,3,1,4,1,5,3,2,5,4,female
1,1,1,1,2,4,2,3,2,5,1,2,2,2,male
5,5,5,1,5,5,1,5,3,5,1,5,5,5,male
3,5,3,1,1,3,3,5,1,5,5,5,3,4,female
4,1,1,1,1,4,2,1,1,4,3,2,5,4,male
1,1,1,2,1,3,1,1,1,2,3,1,3,3,male
1,1,1,1,5,5,3,1,1,2,3,3,3,3,male
3,3,3,4,1,2,4,5,2,4,2,5,3,3,female
3,1,3,2,1,3,3,2,1,3,4,3,2,3,female
2,2,3,1,2,3,3,4,1,4,3,4,3,3,female
1,1,1,1,1,2,4,2,3,3,3,2,3,3,male
5,4,1,3,1,2,3,3,1,4,1,2,5,5,female
3,1,2,3,5,5,2,3,2,4,3,3,3,3,male
5,5,1,1,3,5,3,2,1,5,3,3,3,4,male
4,5,5,3,1,3,4,4,1,4,3,4,2,4,female
2,3,5,3,1,2,4,5,3,4,2,5,4,4,female
3,1,1,1,3,3,2,1,1,3,5,2,4,2,male
2,3,3,1,1,2,3,3,2,2,3,2,3,3,female
4,3,2,1,2,2,3,2,4,5,3,5,5,3,male
4,2,5,4,2,3,4,4,1,4,2,4,3,3,female
1,5,2,1,4,5,3,1,1,5,1,2,3,4,male
1,1,2,1,1,3,3,5,1,1,2,1,1,1,female
1,4,5,3,1,5,4,5,1,4,4,4,3,2,female
2,2,3,3,2,3,5,2,3,2,1,2,2,2,male
